Top pages,Clicks,Impressions,CTR,Position,New Page Title,New Description,Target KW,Changed?
https://sydneychiropractorcbd.com.au/,288,83434,0.35%,35.01,,,,
https://sydneychiropractorcbd.com.au/massage-sydney-cbd-best-massage-sydney/,4,12912,0.03%,46.14,Massage Sydney Cbd | Expert Chiropractic Care,"Friendly, caring, and fun Sydney CBD chiropractors who can help you live a better and more active life. Call us and schedule your initial consultation!
",massage sydney cbd,FALSE
https://sydneychiropractorcbd.com.au/contact-us/,24,11088,0.22%,18.59,Chiropractor Neck Pain | Expert Chiropractic Care in S,,,FALSE
https://sydneychiropractorcbd.com.au/our_team/dr-hooman-zahedi/,80,10057,0.80%,11.38,Chiropractor Sydney Cbd | Expert Chiropractic Care in S,,,FALSE
https://sydneychiropractorcbd.com.au/chiropractic-care-for-neck-arthritis/,3,9718,0.03%,63.49,Chiropractor for Neck Pain Sydney | Complete Chiropractic,"Struggling with neck pain and live in Sydney CBD? Let our friendly, caring, and fun chiropractors help you feel better. Call us and see how we can help!
",chiropractor neck pain ,FALSE
https://sydneychiropractorcbd.com.au/about-clinic27/,5,9419,0.05%,20.16,About Us | Complete Chiropractor Sydney CBD,"Meet Sydney CBD's most caring chiropractors. We're dedicated to helping you achieve optimal health through personalised, gentle treatments.",chiropractor sydney cbd,FALSE
https://sydneychiropractorcbd.com.au/chiropractic-adjustment-treatments-beyond-back-pain/,0,9041,0%,76.02,The wonders of Chiropractic Adjustment Beyond Back Pain,"Discover how chiropractors helps more than just back pain. See how our Sydney chiropractors treat headaches, neck pain, posture issues & boost wellness!",chiropractic adjustment,FALSE
https://sydneychiropractorcbd.com.au/initial-consultation-special-offer/,31,8578,0.36%,10.9,Special Offer For Initial Consultations | Complete Chiropractic,New patient special offer in Sydney CBD! Get comprehensive chiropractic assessment and personalised treatment plan. Book your consultation today!,/,FALSE
https://www.sydneychiropractorcbd.com.au/,213,7349,2.90%,9.01,,,,FALSE
https://sydneychiropractorcbd.com.au/posture-treatment-sydney-cbd/,5,6925,0.07%,21.28,Posture Treatment Sydney | Chiropractic Care Dee Why,Improve your posture and confidence with expert chiropractic care in Sydney CBD. Call us and see how we can help you thrive and feel your best every day!,posture treatment sydney,FALSE
https://sydneychiropractorcbd.com.au/posture-correction-improve-posture-with-these-tips/,2,6394,0.03%,64.95,Posture Correction Tips That Could Improve Your Life,Learn effective posture correction tips from Sydney's expert chiropractors. See how w]simple changes can dramatically improve your comfort!,posture correction tips,FALSE
https://sydneychiropractorcbd.com.au/endonasal-cranial-correction-treatment-sydney-cbd/,55,6202,0.89%,16.67,Pregnancy Chiropractor | Expert Chiropractic Care in Sy,,,FALSE
https://sydneychiropractorcbd.com.au/chiropractic-treatment-for-pregnancy/,1,6002,0.02%,77.99,Top Pregnancy Chiropractor | Complete Chiro Dee Why,"Safe, gentle chiropractic care for expectant mothers in Sydney. Call us and see how we can help relieve pregnancy discomfort and support your changing body!",pregnancy chiropractor,FALSE
https://sydneychiropractorcbd.com.au/sciatica-successful-treatment-at-sydney-cbd-chiropractor/,0,5764,0%,79.74,Chiropractor For Sciatica | Complete Chiropractic Dee Why,Find lasting relief from sciatica pain with our expert and gentle chiropractic treatments in Sydney CBD. Call us and get back to living without limitations!,chiropractor for sciatica,FALSE
https://sydneychiropractorcbd.com.au/why-chiropractic-care-is-effective-for-back-pain/,1,5498,0.02%,76.56,Why Chiropractic Treatments Are Good For Back Pain ,Discover why chiropractic care works so well for back pain relief. Learn how spinal adjustments provide lasting results without meds or surgery!,chiropractic treatments for back pain,FALSE
https://sydneychiropractorcbd.com.au/chiropractic-help-for-headaches-and-migraines/,0,5379,0%,85.96,How a Chiropractor Helps With Headaches,"Learn how chiropractors treat headaches by addressing neck tension, spinal alignment, and muscle stress that trigger pain naturally!",chiropractor for headaches,FALSE
https://sydneychiropractorcbd.com.au/headaches-migraines-treatment-sydney-cbd/,0,5376,0%,64.36,Migraine Treatment Sydney | Expert Chiropractic Care ,Professional migraine treatment in Sydney CBD. Our caring team helps reduce the frequency and intensity of migraines even after one visit. Call us today!,migraine treatment sydney,FALSE
https://sydneychiropractorcbd.com.au/chiropractic-spinal-decompression-therapy/,7,4678,0.15%,75.45,Spinal Decompression Therapy | Complete Chiro Dee Why,Gentle spinal decompression therapy in Sydney. Non-invasive treatment for disc problems that promotes natural healing and pain relief. Call us today!,spinal decompression therapy,FALSE
https://sydneychiropractorcbd.com.au/scoliosis-treatment-sydney-cbd/,1,4672,0.02%,29.75,Scoliosis Treatment Sydney | Complete Chiro Dee Why,Gentle and personalised scoliosis chiro care in Sydney. Call us and see how our expert chiropractors help manage symptoms and improve quality of life!,scoliosis treatment sydney,FALSE
https://sydneychiropractorcbd.com.au/chiropratic-care-for-head-asymmetry/,22,4462,0.49%,11.73,Asymmetrical Head - Why it Happens & How to Treat It?,Understand what causes head asymmetry and discover gentle chiropractic techniques that help restore balance and reduce associated symptoms.,asymmetrical head,FALSE
https://sydneychiropractorcbd.com.au/blog-page/top-popular-online-casinos-in-australia-for-2025/,0,4353,0%,89.33,/ | Expert Chiropractic Care in Sydney CBD,,/,FALSE
https://sydneychiropractorcbd.com.au/endonasal-cranial-correction-2/,104,4298,2.42%,25.55,Abc Chiropractic | Expert Chiropractic Care in Sydney C,,,FALSE
https://sydneychiropractorcbd.com.au/abc-advanced-bio-structural-correction/,20,4187,0.48%,19.28,ABC Chiropractic Care - How It Relieves Pain For Good,Discover how Advanced BioStructural Correction technique addresses spinal misalignments at their source for permanent pain relief and better posture.RetryClaude can make mistakes. Please double-check responses.,abc chiropractic,FALSE
https://sydneychiropractorcbd.com.au/spondylosis-and-ankylosing-spondylitis/,6,4054,0.15%,27.64,Ankylosing Spondylitis Vs Spondylosis: What's Better?,"Learn the key differences between ankylosing spondylitis and spondylosis, plus discover which chiropractic treatments work best for each condition.RetryClaude can make mistakes. Please double-check responses.",ankylosing spondylitis vs spondylosis,FALSE
https://sydneychiropractorcbd.com.au/videos/,0,3962,0%,9.86,Video Hub | Complete Chiro Dee Why,Find out more about us and watch educational videos explaining chiropractic treatments and expert tips for better spinal health and pain relief!,/,FALSE
https://sydneychiropractorcbd.com.au/back-pain-treatment-sydney-cbd/,0,3344,0%,15.62,Back Pain Treatment Sydney | Complete Chiropractic,Professional back pain treatment in Sydney CBD. Our caring chiropractors provide effective relief and can help you live a painless life. Call us today!,back pain sydney,FALSE
https://sydneychiropractorcbd.com.au/vertigo-treatment-sydney-cbd/,8,3333,0.24%,42.57,Chiropractor For Vertigo | Complete Chiro Dee Why,Find relief from vertigo and dizziness with expert chiropractic care in Sydney. Our gentle & fun treatments can help restore your balance. Book a session today!,chiropractor for vertigo,FALSE
https://sydneychiropractorcbd.com.au/sciatica-treatment-sydney-cbd/,2,2999,0.07%,21.17,Sciatica Treatment Sydney | Complete Chiro Dee Why,Effective sciatica treatment in Sydney CBD. Our experienced chiropractors provide gentle care that targets the root cause of your pain. Book a session today!,sciatica treatment sydney,FALSE
https://sydneychiropractorcbd.com.au/auto-accident-injury-chriropractic-care/,2,2970,0.07%,26.59,Auto Accident Chiropractor - Does it Really Help?,,auto accident chiropractor,FALSE
https://sydneychiropractorcbd.com.au/chiropratic-care-for-posture/,1,2691,0.04%,79.76,Chiropractor For Posture | Complete Chiro Sydney,"Improve your posture with expert chiropractic care in Sydney. Stand taller, feel more confident, and reduce pain naturally. Call us and   see how we can help!",chiropractor for posture,FALSE
https://sydneychiropractorcbd.com.au/our_team/dr-angus-phelps/,29,2365,1.23%,38.2,/ | Expert Chiropractic Care in Sydney CBD,,,FALSE
https://sydneychiropractorcbd.com.au/car-accident-injuries-chiropractic-treatments-2/,0,2226,0%,43.98,,,/,FALSE
https://sydneychiropractorcbd.com.au/tension-headaches-and-migraines/,1,2146,0.05%,80.48,Tension Headache Treatment - How Can it Help?,,tension headache treatment sydney,FALSE
https://sydneychiropractorcbd.com.au/treaatment-for-sciatica/,0,2076,0%,72.61,Sciatica Treatment Sydney | Expert Chiro Care,Expert sciatica treatment in Sydney CBD. Our personalised approach helps eliminate pain and restore normal function to your daily life. Call us today!,sciatica treatment sydney,FALSE