Address,Status Code,Status,Meta Description 1,Canonical Link Element 1
https://sydneychiropractorcbd.com.au/,200,OK,Clinic 27 is a chiropractic clinic with experienced chiropractors in Sydney CBD dedicated to the provision of chiropractic care.,https://sydneychiropractorcbd.com.au/
https://sydneychiropractorcbd.com.au/cranial-chiropractic/,200,OK,"Get TMJ & Cranial Chiropractic, and relief for jaw pain and related disorders. Stop suffering from jaw clicking, facial pain, or persistent headaches? These symptoms may indicate temporomandibular joint disorder (TMJ) or related cranial issues.",https://sydneychiropractorcbd.com.au/cranial-chiropractic/
https://sydneychiropractorcbd.com.au/contact-us/,200,OK,Have a question or would like to book an appointment? Contact the chiropractors at Clinic 27 at 02 8059 7743 or use our online contact form.,https://sydneychiropractorcbd.com.au/contact-us/
https://sydneychiropractorcbd.com.au/endonasal-cranial-correction-treatment-sydney-cbd/,200,OK,Clinic 27 use the Endonasal Cranial Correction technique which specifically targets cranial bones that are out of place to remove discomfort.,https://sydneychiropractorcbd.com.au/endonasal-cranial-correction-treatment-sydney-cbd/
https://sydneychiropractorcbd.com.au/videos/,200,OK,"If you're looking for information on chiropractic treatment and care, view our catalogue of Sydney chiropractic videos here.",https://sydneychiropractorcbd.com.au/videos/
https://sydneychiropractorcbd.com.au/sciatica-treatment-sydney-cbd/,200,OK,"Sciatica is a debilitating condition requiring extra attention and care when treating it. For sciatica treatment in Sydney, call us today.",https://sydneychiropractorcbd.com.au/sciatica-treatment-sydney-cbd/
https://sydneychiropractorcbd.com.au/chiropractic-treatment-for-pregnancy/,200,OK,Do you need chiropractic care for the aches of pregnancy or just need a regular checkup? Contact us to book an appointment!,https://sydneychiropractorcbd.com.au/chiropractic-treatment-for-pregnancy/
https://sydneychiropractorcbd.com.au/blog-overview/,200,OK,"Our blog is here to provide you with all the chiropractic resources you need, expanding on the knowledge of our experienced chiropractors.",https://sydneychiropractorcbd.com.au/blog-overview/
https://sydneychiropractorcbd.com.au/tmj-treatment/,200,OK,Improve your posture before it leads to discomfort. Book an appointment at Clinic 27 for personalized chiropractic care and feel your best!,https://sydneychiropractorcbd.com.au/tmj-treatment/
https://sydneychiropractorcbd.com.au/massage-sydney-cbd-best-massage-sydney/,200,OK,"Here's all you need to know about the benefits of massage, and where you can get the top remedial massage in Sydney CBD!",https://sydneychiropractorcbd.com.au/massage-sydney-cbd-best-massage-sydney/
https://sydneychiropractorcbd.com.au/main-reasons-for-lower-back-pain/,200,OK,Discover the main reasons of lower back pain and learn how to quickly identify symptoms and prevent future issues.,https://sydneychiropractorcbd.com.au/main-reasons-for-lower-back-pain/
https://sydneychiropractorcbd.com.au/carpal-tunnel-syndrome-treatment-sydney-cbd/,200,OK,"Clinic 27 offers years of experience in carpal tunnel syndrome treatment in Sydney. If you suffer from Carpal Tunnel Syndrome, call us today.",https://sydneychiropractorcbd.com.au/carpal-tunnel-syndrome-treatment-sydney-cbd/
https://sydneychiropractorcbd.com.au/workshops/,200,OK,Join our chiropractic workshops in Sydney CBD to learn practical tips for improving posture and workplace wellness. Book your spot today!,https://sydneychiropractorcbd.com.au/workshops/
https://sydneychiropractorcbd.com.au/scoliosis-treatment-sydney-cbd/,200,OK,Many believe scoliosis can't be treated—let us show you how it can. Visit our scoliosis chiropractor in Sydney CBD and book your appointment!,https://sydneychiropractorcbd.com.au/scoliosis-treatment-sydney-cbd/
https://sydneychiropractorcbd.com.au/how-to-know-if-shoulder-pain-is-serious/,200,OK,Discover which types of shoulder pain are nothing to worry about and when you should consider chiropractic treatment or consulting a doctor.,https://sydneychiropractorcbd.com.au/how-to-know-if-shoulder-pain-is-serious/
https://sydneychiropractorcbd.com.au/posture-treatment-sydney-cbd/,200,OK,Improve your posture before it leads to discomfort. Book an appointment at Clinic 27 for personalized chiropractic care and feel your best!,https://sydneychiropractorcbd.com.au/posture-treatment-sydney-cbd/
https://sydneychiropractorcbd.com.au/vertigo-treatment-sydney-cbd/,200,OK,You can get rid of vertigo after 1 visit. Book your consultation at Clinic 27 in Sydney today for fast relief and long-term recovery!,https://sydneychiropractorcbd.com.au/vertigo-treatment-sydney-cbd/
https://sydneychiropractorcbd.com.au/back-pain-treatment-sydney-cbd/,200,OK,"Whatever type of back pain you have, Clinic 27's chiropractors in Sydney can help. Learn more and book your appointment today.",https://sydneychiropractorcbd.com.au/back-pain-treatment-sydney-cbd/
https://sydneychiropractorcbd.com.au/workshops,301,Moved Permanently,,
https://sydneychiropractorcbd.com.au/neck-pain-treatment-sydney-cbd/,200,OK,The experienced team of chiropractors at Clinic 27 can help you with neck pain issues in Sydney CBD. Call us today!,https://sydneychiropractorcbd.com.au/neck-pain-treatment-sydney-cbd/
https://sydneychiropractorcbd.com.au/why-chiropractic-care-is-effective-for-back-pain/,200,OK,Discover why chiropractic care is effective for back pain and how personalized chiropractic treatments can help .,https://sydneychiropractorcbd.com.au/why-chiropractic-care-is-effective-for-back-pain/
https://sydneychiropractorcbd.com.au/pregnancy-back-pain-help/,200,OK,Discover how chiropractic care can ease pregnancy back pain. Learn about treatments that relieve discomfort and improve mobility.,https://sydneychiropractorcbd.com.au/pregnancy-back-pain-help/
https://sydneychiropractorcbd.com.au/about-clinic27/,200,OK,Here’s who’s behind our expert chiropractic care at Clinic 27. Meet the Sydney team dedicated to improving your health and well-being.,https://sydneychiropractorcbd.com.au/about-clinic27/
https://sydneychiropractorcbd.com.au/blog-overview,301,Moved Permanently,,
https://sydneychiropractorcbd.com.au/habit-stacking-for-holisitic-health/,200,OK,We can teach you to build better health habits. Call one of our friendly chiropractors today on (02) 9972 0040 and get the help needed.,https://sydneychiropractorcbd.com.au/habit-stacking-for-holisitic-health/
https://sydneychiropractorcbd.com.au/headaches-migraines-treatment-sydney-cbd/,200,OK,"Whether you want to learn more about migraines or book the best migraine treatment in Sydney, read more here. We've got you covered.",https://sydneychiropractorcbd.com.au/headaches-migraines-treatment-sydney-cbd/
https://sydneychiropractorcbd.com.au/chiropratic-care-adjustments/,200,OK,Do you need chiropractic care and help? Read these tips and talk to one of our friendly chiropractors today on (02) 9972 0040.,https://sydneychiropractorcbd.com.au/chiropratic-care-adjustments/
https://sydneychiropractorcbd.com.au/5-tips-to-get-better-sleep/,200,OK,Do you need better sleep? Read these 5 tips to get better sleep today? Talk to one of our friendly chiropractors today on (02) 9972 0040.,https://sydneychiropractorcbd.com.au/5-tips-to-get-better-sleep/
https://sydneychiropractorcbd.com.au/advanced-bio-structrual-correction-abc/,200,OK,Discover the benefits of Advanced Bio-Structural Correction at Clinic 27. Learn how this technique can correct posture and relieve pain.,https://sydneychiropractorcbd.com.au/advanced-bio-structrual-correction-abc/
https://sydneychiropractorcbd.com.au/pain-thoracic-spine-usually-from-sitting-sydney-cbd-chiropractor-can-help/,200,OK,Learn how prolonged sitting can cause thoracic spine pain and discover effective chiropractic solutions at Clinic 27.,https://sydneychiropractorcbd.com.au/pain-thoracic-spine-usually-from-sitting-sydney-cbd-chiropractor-can-help/
https://sydneychiropractorcbd.com.au/professional-treatment-for-shoulder-injury/,200,OK,Receive expert shoulder injury treatment at Clinic 27. Our professional team offers personalized care to help you recover quickly!,https://sydneychiropractorcbd.com.au/professional-treatment-for-shoulder-injury/
https://sydneychiropractorcbd.com.au/chriopratic-care-for-synovitis-and-tenosynovitis/,200,OK,Do you need chiropratic care for synovitis and tenosynovitis? Call one of our friendly chiropractors today on (02) 9972 0040.,https://sydneychiropractorcbd.com.au/chriopratic-care-for-synovitis-and-tenosynovitis/
https://sydneychiropractorcbd.com.au/spinal-decay/,200,OK,"Your body adapts to uncorrected spinal stress by depositing calcium into affected joints. We call this degenerative process ""spinal decay.""",https://sydneychiropractorcbd.com.au/spinal-decay/
https://sydneychiropractorcbd.com.au/chiropractic-help-for-headaches-and-migraines/,200,OK,Do you have headaches or mirgaines and need help? Talk to one of our friendly chiropractors today on (02) 9972 0040.,https://sydneychiropractorcbd.com.au/chiropractic-help-for-headaches-and-migraines/
https://sydneychiropractorcbd.com.au/rotator-cuff-syndrome-advice-from-sydney-cbd-chiropractor/,200,OK,Discover effective rotator cuff syndrome advice from our expert chiropractors. Get personalized care and recovery tips here.,https://sydneychiropractorcbd.com.au/rotator-cuff-syndrome-advice-from-sydney-cbd-chiropractor/
https://sydneychiropractorcbd.com.au/understanding-thoracic-outlet-syndrome/,200,OK,Do you need chiropratic care for thoracic outlet syndrome? Call one of our friendly chiropractors today on (02) 9972 0040.,https://sydneychiropractorcbd.com.au/understanding-thoracic-outlet-syndrome/
https://sydneychiropractorcbd.com.au/too-much-or-too-little-exercise/,200,OK,Do you need chiropratic care for overexercising? Call one of our friendly chiropractors today on (02) 9972 0040.,https://sydneychiropractorcbd.com.au/too-much-or-too-little-exercise/
https://sydneychiropractorcbd.com.au/what-is-spondylosis/,200,OK,"Learn about spondylosis, its causes, symptoms, and treatments. Get expert advice for managing and relieving pain.",https://sydneychiropractorcbd.com.au/what-is-spondylosis/
https://sydneychiropractorcbd.com.au/can-my-posture-affect-my-hormones/,200,OK,Learn how posture impacts your hormones at Clinic 27. Discover tips for better alignment and improved well-being. Book your consultation now!,https://sydneychiropractorcbd.com.au/can-my-posture-affect-my-hormones/
https://sydneychiropractorcbd.com.au/pinched-nerve-treatment/,200,OK,"Understand the symptoms, causes, and treatment options for pinched nerves. Clinic 27 offers specialized care to help you find relief.",https://sydneychiropractorcbd.com.au/pinched-nerve-treatment/
https://sydneychiropractorcbd.com.au/chiropractic-care-for-headaches-in-sydney-cbd/,200,OK,Find relief from chronic headaches with chiropractic care. Learn how our tailored treatments target the root causes to alleviate pain.,https://sydneychiropractorcbd.com.au/chiropractic-care-for-headaches-in-sydney-cbd/
https://sydneychiropractorcbd.com.au/workshop/clinic27-workshop-tuesday-21st-september/,200,OK,,https://sydneychiropractorcbd.com.au/workshop/clinic27-workshop-tuesday-21st-september/
https://sydneychiropractorcbd.com.au/rotator-cuff-syndrome/,200,OK,"Understand the causes, symptoms, and treatments for rotator cuff syndrome. Learn how chiropractic care can help you regain shoulder function.",https://sydneychiropractorcbd.com.au/rotator-cuff-syndrome/
https://sydneychiropractorcbd.com.au/chiropractic-help-for-weakened-ligaments/,200,OK,Do you need chiropratic care for weakened ligaments? Call one of our friendly chiropractors today on (02) 9972 0040.,https://sydneychiropractorcbd.com.au/chiropractic-help-for-weakened-ligaments/
https://sydneychiropractorcbd.com.au/chiropractic-knee-pain-help-explained/,200,OK,Knee pain can be confusing and scary—but there's no reason to panic. Here's all you need to know about knee pain and how chiropractors help!,https://sydneychiropractorcbd.com.au/chiropractic-knee-pain-help-explained/
https://sydneychiropractorcbd.com.au/spondylosis-and-ankylosing-spondylitis/,200,OK,Do you need care for Spondylosis or Ankylosing Spondylitis? Talk to one of our friendly chiropractors today on (02) 9972 0040.,https://sydneychiropractorcbd.com.au/spondylosis-and-ankylosing-spondylitis/
https://sydneychiropractorcbd.com.au/workshop/clinic27-workshop-tuesday-24th-august/,200,OK,,https://sydneychiropractorcbd.com.au/workshop/clinic27-workshop-tuesday-24th-august/
https://sydneychiropractorcbd.com.au/chiropratic-care-for-head-asymmetry/,200,OK,Should asymmetrical head shape worry you and when is the time for a chiropractor? Here's all you need to know about this condition.,https://sydneychiropractorcbd.com.au/chiropratic-care-for-head-asymmetry/
https://sydneychiropractorcbd.com.au/enhancing-your-brains-neuroplasticity/,200,OK,Do you want to understand how you can enhance your own neuroplasticity? Talk to one of our friendly chiropractors today on (02) 9972 0040.,https://sydneychiropractorcbd.com.au/enhancing-your-brains-neuroplasticity/
https://sydneychiropractorcbd.com.au/a-natural-approach-to-headache-management/,200,OK,Discover natural headache management techniques at Clinic 27. Learn how chiropractic care can effectively reduce and prevent headaches.,https://sydneychiropractorcbd.com.au/a-natural-approach-to-headache-management/
https://sydneychiropractorcbd.com.au/work-related-pain/,200,OK,Do you have have work-related pain and need care? Read these tips and talk to one of our friendly chiropractors today on (02) 9972 0040.,https://sydneychiropractorcbd.com.au/work-related-pain/
https://sydneychiropractorcbd.com.au/workshop/clinic27-workshop-tuesday-14th-september/,200,OK,,https://sydneychiropractorcbd.com.au/workshop/clinic27-workshop-tuesday-14th-september/
https://sydneychiropractorcbd.com.au/car-accident-injuries-chiropractic-treatments-2/,200,OK,Explore chiropractic treatments for car accident injuries at Clinic 27. Learn how we address back pain and more for a full recovery.,https://sydneychiropractorcbd.com.au/car-accident-injuries-chiropractic-treatments-2/
https://sydneychiropractorcbd.com.au/workshop/clinic27-workshop-20th-july-tuesday/,200,OK,,https://sydneychiropractorcbd.com.au/workshop/clinic27-workshop-20th-july-tuesday/
https://sydneychiropractorcbd.com.au/tension-headaches-and-migraines/,200,OK,Understand the causes and symptoms of migraines. Discover how lifestyle changes and chiropractic care can help manage your headaches.,https://sydneychiropractorcbd.com.au/tension-headaches-and-migraines/
https://sydneychiropractorcbd.com.au/abdominal-and-pelvic-pain/,200,OK,Do you need chiropractic care for abdominal and pelivic pain? Call one of our friendly chiropractors today on (02) 9972 0040.,https://sydneychiropractorcbd.com.au/abdominal-and-pelvic-pain/
https://sydneychiropractorcbd.com.au/workshop/clinic27-workshop-tuesday-28th-september/,200,OK,,https://sydneychiropractorcbd.com.au/workshop/clinic27-workshop-tuesday-28th-september/
https://sydneychiropractorcbd.com.au/posture-correction-improve-posture-with-these-tips/,200,OK,Discover effective tips for improving your posture. Learn exercises and habits to enhance alignment and reduce pain.,https://sydneychiropractorcbd.com.au/posture-correction-improve-posture-with-these-tips/
https://sydneychiropractorcbd.com.au/learn-about-emotion-and-posture-with-chiropractors-in-sydney-city/,200,OK,Explore the connection between emotion and posture. Learn how your feelings impact your body and how chiropractic care can help.,https://sydneychiropractorcbd.com.au/learn-about-emotion-and-posture-with-chiropractors-in-sydney-city/
https://sydneychiropractorcbd.com.au/workshop/clinic27-workshop-tuesday-31st-august/,200,OK,,https://sydneychiropractorcbd.com.au/workshop/clinic27-workshop-tuesday-31st-august/
https://sydneychiropractorcbd.com.au/chiropractic-care-for-neck-arthritis/,200,OK,Do you need chiropractic care for Neck Arthritis? Call one of our friendly chiropractors today on (02) 9972 0040.,https://sydneychiropractorcbd.com.au/chiropractic-care-for-neck-arthritis/
https://sydneychiropractorcbd.com.au/tendinitis-treatment-in-sydney-cbd/,200,OK,"Learn about Clinic 27's personalized care options to reduce inflammation, relieve pain, and improve mobility. Book now!",https://sydneychiropractorcbd.com.au/tendinitis-treatment-in-sydney-cbd/
https://sydneychiropractorcbd.com.au/neck-pain/,200,OK,"Overcome Back Pain with Chiropractic Care. While many turn to quick fixes like pain medication, chiropractic care offers better apporach.",https://sydneychiropractorcbd.com.au/neck-pain/
https://sydneychiropractorcbd.com.au/your-brain-and-immune-function/,200,OK,Do you know how your brain and immune function can cooperate? Call one of our friendly chiropractors today on (02) 9972 0040.,https://sydneychiropractorcbd.com.au/your-brain-and-immune-function/
https://sydneychiropractorcbd.com.au/subluxations/,200,OK,"Like the separate notes of a musical chord, a subluxation can simultaneously involve joints, nerves, muscles, and degenerative changes.",https://sydneychiropractorcbd.com.au/subluxations/
https://sydneychiropractorcbd.com.au/chiropractic-for-scoliosis/,200,OK,The team at Complete Chiropractic and Clinic 27 have a great reputation for improving upright posture. Call today to find out more!,https://sydneychiropractorcbd.com.au/chiropractic-for-scoliosis/
https://sydneychiropractorcbd.com.au/chiropractic-care-for-fibromyalgia-and-improved-sleep/,200,OK,Do you have need chiropratic care for fibromyalgia and improved sleep? Talk to one of our friendly chiropractors today on (02) 9972 0040.,https://sydneychiropractorcbd.com.au/chiropractic-care-for-fibromyalgia-and-improved-sleep/
https://sydneychiropractorcbd.com.au/neck-pain-explained/,200,OK,Do you have neck pain and need help? Read these chiropratic tips or talk to one of our friendly chiropractors today on (02) 9972 0040.,https://sydneychiropractorcbd.com.au/neck-pain-explained/
https://sydneychiropractorcbd.com.au/back-pain/,200,OK,"Overcome Back Pain with Chiropractic Care. While many turn to quick fixes like pain medication, chiropractic care offers better apporach.",https://sydneychiropractorcbd.com.au/back-pain/
https://sydneychiropractorcbd.com.au/what-causes-lower-back-pain/,200,OK,"Explore common causes of lower back pain at Clinic 27. Learn about symptoms, prevention tips, and effective treatments to relieve discomfort.",https://sydneychiropractorcbd.com.au/what-causes-lower-back-pain/
https://sydneychiropractorcbd.com.au/how-to-treat-elbow-injury/,200,OK,"Learn effective methods to treat elbow injuries at Clinic 27. Discover causes, symptoms, and personalized treatments.",https://sydneychiropractorcbd.com.au/how-to-treat-elbow-injury/
https://sydneychiropractorcbd.com.au/initial-consultation-special-offer/,200,OK,Take advantage of our offer for an initial chiropractic consultation in Clinic 27. Book today and start your journey to better health!,https://sydneychiropractorcbd.com.au/initial-consultation-special-offer/
https://sydneychiropractorcbd.com.au/how-to-treat-aches-and-pains/,200,OK,Do you suffer from aches and pains? Talk to one of our friendly chiropractors today for excellent chiropractic care on (02) 9972 0040.,https://sydneychiropractorcbd.com.au/how-to-treat-aches-and-pains/
https://sydneychiropractorcbd.com.au/chiropractic-adjustment-treatments-beyond-back-pain/,200,OK,"Chiropractic care offers more than back pain relief, enhancing posture, sleep, and stress reduction. Discover its full benefits!",https://sydneychiropractorcbd.com.au/chiropractic-adjustment-treatments-beyond-back-pain/
https://sydneychiropractorcbd.com.au/chiropratic-help-for-scoliosis/,200,OK,Do you have scoliosis and need help? Read these chiropratic tips or talk to one of our friendly chiropractors today on (02) 9972 0040.,https://sydneychiropractorcbd.com.au/chiropratic-help-for-scoliosis/
https://sydneychiropractorcbd.com.au/treaatment-for-sciatica/,200,OK,Do you need chiropratic care for Sciatica? Call one of our friendly chiropractors today on (02) 9972 0040.,https://sydneychiropractorcbd.com.au/treaatment-for-sciatica/
https://sydneychiropractorcbd.com.au/what-happens-to-your-hand-when-you-experience-wrist-injury/,200,OK,"Discover the effects of wrist injuries on your hand at Clinic 27. Learn about symptoms, causes, and treatment options for a full recovery.",https://sydneychiropractorcbd.com.au/what-happens-to-your-hand-when-you-experience-wrist-injury/
https://sydneychiropractorcbd.com.au/category/pain/,200,OK,,https://sydneychiropractorcbd.com.au/category/pain/
https://sydneychiropractorcbd.com.au/learning-the-importance-of-good-posture-at-clinic27/,200,OK,"Learn how proper alignment can prevent pain, improve health, and enhance overall well-being. Get expert tips and guidance today!",https://sydneychiropractorcbd.com.au/learning-the-importance-of-good-posture-at-clinic27/
https://sydneychiropractorcbd.com.au/managing-emotional-stress/,200,OK,Do you need chiropratic care for emotional stress? Call one of our friendly chiropractors today on (02) 9972 0040.,https://sydneychiropractorcbd.com.au/managing-emotional-stress/
https://sydneychiropractorcbd.com.au/learn-about-your-childs-posture-at-clinic27/,200,OK,Discover how to improve your child's posture with expert guidance at Clinic 27. Learn about common issues and effective corrective strategies.,https://sydneychiropractorcbd.com.au/learn-about-your-childs-posture-at-clinic27/
https://sydneychiropractorcbd.com.au/sleep-vs-pain-insomnia-chronic-pain/,200,OK,Explore the link between insomnia and chronic pain. Learn how poor sleep can worsen pain and learn strategies for good sleep and pain relief.,https://sydneychiropractorcbd.com.au/sleep-vs-pain-insomnia-chronic-pain/
https://sydneychiropractorcbd.com.au/terms-and-conditions/,200,OK,Do you need to access the terms and conditions for Clinic 27? Feel free to talk to one of our friendly chiropractors today on (02) 9972 0040.,https://sydneychiropractorcbd.com.au/terms-and-conditions/
https://sydneychiropractorcbd.com.au/clinic-27-privacy-policy/,200,OK,Do you have have an immune disorders and need care? Read these tips and talk to one of our friendly chiropractors today on (02) 9972 0040.,https://sydneychiropractorcbd.com.au/clinic-27-privacy-policy/
https://sydneychiropractorcbd.com.au/chiropratic-help-for-whiplash/,200,OK,Do you have whiplash and need help? Read these tips and talk to one of our friendly chiropractors today on (02) 9972 0040.,https://sydneychiropractorcbd.com.au/chiropratic-help-for-whiplash/
https://sydneychiropractorcbd.com.au/symptoms-of-sprained-ankles-and-foot-injury/,200,OK,Learn more about sprained ankle and foot injury symptoms at Clinic 27 and find tailored treatment plans to ensure proper healing.,https://sydneychiropractorcbd.com.au/symptoms-of-sprained-ankles-and-foot-injury/
https://sydneychiropractorcbd.com.au/scoliosis-symptoms-can-be-helped-at-chiropractor-sydney-cbd/,200,OK,Learn how chiropractic care at Clinic 27 can help manage scoliosis symptoms. Discover personalized treatment options here.,https://sydneychiropractorcbd.com.au/scoliosis-symptoms-can-be-helped-at-chiropractor-sydney-cbd/
https://sydneychiropractorcbd.com.au/chiropratic-care-for-posture/,200,OK,Do you have poor posture and need help? Read these tips and talk to one of our friendly chiropractors today on (02) 9972 0040.,https://sydneychiropractorcbd.com.au/chiropratic-care-for-posture/
https://sydneychiropractorcbd.com.au/abc-advanced-bio-structural-correction/,200,OK,Clinic 27 in Sydney CBD offers Advanced BioStructural Correction. Learn how the ABC chiropractic technique enhances mobility!,https://sydneychiropractorcbd.com.au/abc-advanced-bio-structural-correction/
https://sydneychiropractorcbd.com.au/chiropractic-care-for-stuttering/,200,OK,Do you have a stutter and need help? Read these chiropratic tips or talk to one of our friendly chiropractors today on (02) 9972 0040.,https://sydneychiropractorcbd.com.au/chiropractic-care-for-stuttering/
https://sydneychiropractorcbd.com.au/different-types-of-headaches-2/,200,OK,"Explore various types of headaches at Clinic 27. Learn about symptoms, causes, and effective management strategies.",https://sydneychiropractorcbd.com.au/different-types-of-headaches-2/
https://sydneychiropractorcbd.com.au/sciatica-successful-treatment-at-sydney-cbd-chiropractor/,200,OK,Clinic 27 offers effective sciatica treatment with personalized care plans and proven therapies. Learn more about it and book today!,https://sydneychiropractorcbd.com.au/sciatica-successful-treatment-at-sydney-cbd-chiropractor/
https://sydneychiropractorcbd.com.au/automobile-injuries-and-central-sensitisation/,200,OK,Do you have have automobile injuries and central sensitisation? Talk to one of our friendly chiropractors today on (02) 9972 0040.,https://sydneychiropractorcbd.com.au/automobile-injuries-and-central-sensitisation/
https://sydneychiropractorcbd.com.au/chiropractic-spinal-decompression-therapy/,200,OK,Relieve the pressure on your back with Chiropractic Spinal Decompression therapy from the experts at Clinic 27. Contact us today!,https://sydneychiropractorcbd.com.au/chiropractic-spinal-decompression-therapy/
https://sydneychiropractorcbd.com.au/how-to-tell-if-back-pain-is-serious/,200,OK,"Learn how to tell if your back pain is serious: when to seek medical help, what symptoms to watch for, and tips for back pain relief.",https://sydneychiropractorcbd.com.au/how-to-tell-if-back-pain-is-serious/
https://sydneychiropractorcbd.com.au/category/shoulder-injuries/,200,OK,,https://sydneychiropractorcbd.com.au/category/shoulder-injuries/
https://sydneychiropractorcbd.com.au/workshop/clinic27-workshop-tuesday-10th-august/,200,OK,,https://sydneychiropractorcbd.com.au/workshop/clinic27-workshop-tuesday-10th-august/
https://sydneychiropractorcbd.com.au/workshop/clinic27-workshop-tuesday-27th-july/,200,OK,,https://sydneychiropractorcbd.com.au/workshop/clinic27-workshop-tuesday-27th-july/
https://sydneychiropractorcbd.com.au/stress-management-back-pain/,200,OK,Manage stress-related back pain with expert care. Learn how stress affects your back and find best treatments to improve your well-being.,https://sydneychiropractorcbd.com.au/stress-management-back-pain/
https://sydneychiropractorcbd.com.au/workshop/clinic27-workshop-tuesday-7th-september/,200,OK,,https://sydneychiropractorcbd.com.au/workshop/clinic27-workshop-tuesday-7th-september/
https://sydneychiropractorcbd.com.au/learn-how-to-improve-posture-with-our-chiropractors-in-sydney/,200,OK,Improve your posture with tips from Clinic 27. Our experts offer personalized advice and exercises to enhance alignment and reduce discomfort.,https://sydneychiropractorcbd.com.au/learn-how-to-improve-posture-with-our-chiropractors-in-sydney/
https://sydneychiropractorcbd.com.au/category/pregnancy/,200,OK,,https://sydneychiropractorcbd.com.au/category/pregnancy/
https://sydneychiropractorcbd.com.au/tethered-cord-syndrome/,200,OK,Do you have tethered cord syndrome ? Call one of our friendly chiropractors today to get care on (02) 9972 0040.,https://sydneychiropractorcbd.com.au/tethered-cord-syndrome/
https://sydneychiropractorcbd.com.au/abnormal-gait-and-mobility/,200,OK,"Address abnormal gait and mobility issues at Clinic 27. Learn about causes, symptoms, and personalized treatment plans for better movement.",https://sydneychiropractorcbd.com.au/abnormal-gait-and-mobility/
https://sydneychiropractorcbd.com.au/auto-accident-injury-chriropractic-care/,200,OK,"Experience relief from auto accident injuries with Clinic27. Our team addresses pain, stiffness, and more. Contact us at (02) 9972 0040!",https://sydneychiropractorcbd.com.au/auto-accident-injury-chriropractic-care/
https://sydneychiropractorcbd.com.au/vitamin-d-super-vitamin-vital-to-health/,200,OK,Do you know how much vitamin D you should be getting and how to get it? Call one of our friendly chiropractors today on (02) 9972 0040.,https://sydneychiropractorcbd.com.au/vitamin-d-super-vitamin-vital-to-health/
https://sydneychiropractorcbd.com.au/how-does-posture-affect-my-health/,200,OK,"Learn how posture impacts your health. Find out how poor posture can lead to pain and other issues, and get tips for improving your alignment.",https://sydneychiropractorcbd.com.au/how-does-posture-affect-my-health/
https://sydneychiropractorcbd.com.au/learn-about-posture-and-pregnancy-in-sydney-cbd/,200,OK,Understand the impact of posture on pregnancy. Learn how to maintain good posture to alleviate discomfort and support a healthy pregnancy.,https://sydneychiropractorcbd.com.au/learn-about-posture-and-pregnancy-in-sydney-cbd/
https://sydneychiropractorcbd.com.au/category/stress/,200,OK,,https://sydneychiropractorcbd.com.au/category/stress/
https://sydneychiropractorcbd.com.au/disc-pain/,200,OK,"Overcome Back Pain with Chiropractic Care. While many turn to quick fixes like pain medication, chiropractic care offers better apporach.",https://sydneychiropractorcbd.com.au/disc-pain/
https://sydneychiropractorcbd.com.au//,200,OK,Clinic 27 is a chiropractic clinic with experienced chiropractors in Sydney CBD dedicated to the provision of chiropractic care.,https://sydneychiropractorcbd.com.au/
https://sydneychiropractorcbd.com.au/category/uncategorized/,200,OK,,https://sydneychiropractorcbd.com.au/category/uncategorized/
https://sydneychiropractorcbd.com.au/category/pain/page/2/,200,OK,,https://sydneychiropractorcbd.com.au/category/pain/page/2/
https://sydneychiropractorcbd.com.au/book-now/,200,OK,Have a question or would like to book an appointment? Contact the chiropractors at Clinic 27 at 02 8059 7743 or use our online contact form.,https://sydneychiropractorcbd.com.au/book-now/
https://sydneychiropractorcbd.com.au/category/posture/,200,OK,,https://sydneychiropractorcbd.com.au/category/posture/
https://sydneychiropractorcbd.com.au/chiropractic-adjustment-treatments-beyond-back-pain,301,Moved Permanently,,
https://sydneychiropractorcbd.com.au/category/headaches/,200,OK,,https://sydneychiropractorcbd.com.au/category/headaches/
https://sydneychiropractorcbd.com.au/category/spinal-health/,200,OK,,https://sydneychiropractorcbd.com.au/category/spinal-health/
https://sydneychiropractorcbd.com.au/category/,200,OK,,https://sydneychiropractorcbd.com.au/category/
https://sydneychiropractorcbd.com.au/author/eth7u/,200,OK,,https://sydneychiropractorcbd.com.au/author/eth7u/
https://sydneychiropractorcbd.com.au/category/accident-and-injuries/,200,OK,,https://sydneychiropractorcbd.com.au/category/accident-and-injuries/
https://sydneychiropractorcbd.com.au/clinic27-book-now/,404,Not Found,,
https://sydneychiropractorcbd.com.au/category/pain/page/4/,200,OK,,https://sydneychiropractorcbd.com.au/category/pain/page/4/
https://sydneychiropractorcbd.com.au/shoulder-pain/,200,OK,"Overcome Back Pain with Chiropractic Care. While many turn to quick fixes like pain medication, chiropractic care offers better apporach.",https://sydneychiropractorcbd.com.au/shoulder-pain/
https://sydneychiropractorcbd.com.au/spine-pain/,200,OK,"Overcome Back Pain with Chiropractic Care. While many turn to quick fixes like pain medication, chiropractic care offers better apporach.",https://sydneychiropractorcbd.com.au/spine-pain/
https://sydneychiropractorcbd.com.au/author/brianmlogan/,200,OK,,https://sydneychiropractorcbd.com.au/author/brianmlogan/
https://sydneychiropractorcbd.com.au/category/sleep/,200,OK,,https://sydneychiropractorcbd.com.au/category/sleep/
https://sydneychiropractorcbd.com.au/category/pain/page/3/,200,OK,,https://sydneychiropractorcbd.com.au/category/pain/page/3/
https://sydneychiropractorcbd.com.au/author/brianmlogan/page/3/,200,OK,,https://sydneychiropractorcbd.com.au/author/brianmlogan/page/3/
https://sydneychiropractorcbd.com.au/author/mxd-dev/,200,OK,,https://sydneychiropractorcbd.com.au/author/mxd-dev/
https://sydneychiropractorcbd.com.au/category/pain/page/1/,301,Moved Permanently,,
https://sydneychiropractorcbd.com.au/author/brianmlogan/page/4/,200,OK,,https://sydneychiropractorcbd.com.au/author/brianmlogan/page/4/
https://sydneychiropractorcbd.com.au/author/seonorthsydney1/,200,OK,,https://sydneychiropractorcbd.com.au/author/seonorthsydney1/
https://sydneychiropractorcbd.com.au/author/eth7u/page/2/,200,OK,,https://sydneychiropractorcbd.com.au/author/eth7u/page/2/
https://sydneychiropractorcbd.com.au/author/eth7u/page/4/,200,OK,,https://sydneychiropractorcbd.com.au/author/eth7u/page/4/
https://sydneychiropractorcbd.com.au/author/brianmlogan/page/2/,200,OK,,https://sydneychiropractorcbd.com.au/author/brianmlogan/page/2/
https://sydneychiropractorcbd.com.au/author/eth7u/page/3/,200,OK,,https://sydneychiropractorcbd.com.au/author/eth7u/page/3/
https://sydneychiropractorcbd.com.au/author/eth7u/page/1/,301,Moved Permanently,,
https://sydneychiropractorcbd.com.au/author/brianmlogan/page/1/,301,Moved Permanently,,
https://sydneychiropractorcbd.com.au/author/cl1n1ctwenty7/,200,OK,,https://sydneychiropractorcbd.com.au/author/cl1n1ctwenty7/